<?xml version="1.0" encoding="UTF-8"?>
<beans xmlns="http://www.springframework.org/schema/beans"
       xmlns:xsi="http://www.w3.org/2001/XMLSchema-instance"
       xmlns:aop="http://www.springframework.org/schema/aop"
       xmlns:tx="http://www.springframework.org/schema/tx" xmlns:context="http://www.springframework.org/schema/context"
       xsi:schemaLocation="http://www.springframework.org/schema/beans http://www.springframework.org/schema/beans/spring-beans.xsd
        http://www.springframework.org/schema/tx http://www.springframework.org/schema/tx/spring-tx.xsd
        http://www.springframework.org/schema/aop http://www.springframework.org/schema/aop/spring-aop.xsd
        http://www.springframework.org/schema/context http://www.springframework.org/schema/context/spring-context.xsd">

    <context:annotation-config/>
    <context:component-scan base-package="com.Infinity.*"/>

    <!--注册属性文件-->
    <context:property-placeholder location="classpath:jdbc.properties"/>

    <!--注册数据源：C3P0-->
    <bean id="myDataSource" class="com.mchange.v2.c3p0.ComboPooledDataSource">
        <property name="driverClass" value="${jdbc.driver}"/>
        <property name="jdbcUrl" value="${jdbc.url}"/>
        <property name="user" value="${jdbc.username}"/>
        <property name="password" value="${jdbc.password}"/>
    </bean>

    <bean id="mySqlSessionFactory" class="org.mybatis.spring.SqlSessionFactoryBean">
        <property name="configLocation" value="classpath:mybatis.xml"/>
        <property name="dataSource" ref="myDataSource"/>
        <property name="mapperLocations">
            <list>
                <value>classpath:mapper/*Dao.xml</value>
                <value>classpath:mapper/*Mapper.xml</value>
            </list>
        </property>
    </bean>

    <!--生成DAO代理对象
        当前配置会为指定的基本包所有的接口生成代理对象
    -->
    <bean class="org.mybatis.spring.mapper.MapperScannerConfigurer">
        <property name="sqlSessionFactoryBeanName" value="mySqlSessionFactory"/>
        <property name="basePackage" value="com.Infinity.dao"/>
        <!--<property name="annotationClass" value="org.springframework.stereotype.Repository"/>-->
    </bean>

    <bean id="transactionManager" class="org.springframework.jdbc.datasource.DataSourceTransactionManager">
        <property name="dataSource" ref="myDataSource"/>
    </bean>

    <bean id="multipartResolver"
          class="org.springframework.web.multipart.support.StandardServletMultipartResolver"/>

    <!--注册事务注解驱动-->
    <tx:annotation-driven transaction-manager="transactionManager"/>

    <!--注解开发的话 下面注释掉-->
    <!--<tx:advice id="txAdvice" transaction-manager="transactionManager">-->
    <!--<tx:attributes>-->
    <!--<tx:method name="insert*" isolation="DEFAULT" propagation="REQUIRED"/>-->
    <!--</tx:attributes>-->
    <!--</tx:advice>-->

    <!--<aop:config>-->
    <!--<aop:pointcut id="studentPointcut" expression="execution(* *..service.*.*(..))"/>-->
    <!--<aop:advisor advice-ref="txAdvice" pointcut-ref="studentPointcut"/>-->
    <!--</aop:config>-->

</beans>