<?xml version="1.0" encoding="UTF-8"?>
<!DOCTYPE mapper PUBLIC "-//mybatis.org//DTD Mapper 3.0//EN" "http://mybatis.org/dtd/mybatis-3-mapper.dtd">
<mapper namespace="com.Infinity.dao.EmployeeMapper">
    <resultMap id="BaseResultMap" type="com.Infinity.pojo.Employee">
        <id column="id" jdbcType="INTEGER" property="id"/>
        <result column="name" jdbcType="VARCHAR" property="name"/>
    </resultMap>
    <sql id="Base_Column_List">
        id, name
    </sql>

    <select id="selectByPrimaryKey" parameterType="java.lang.Integer" resultMap="BaseResultMap">
        select
        <include refid="Base_Column_List"/>
        from t_employee
        where id = #{id,jdbcType=INTEGER}
    </select>
    <delete id="deleteByPrimaryKey" parameterType="java.lang.Integer">
        delete from t_employee
        where id = #{id,jdbcType=INTEGER}
    </delete>
    <insert id="insert" parameterType="com.Infinity.pojo.Employee" useGeneratedKeys="true" keyProperty="id">
        insert into t_employee (name)
        values (#{name,jdbcType=VARCHAR})
    </insert>
    <insert id="insertSelective" parameterType="com.Infinity.pojo.Employee" useGeneratedKeys="true" keyProperty="id">
        insert into t_employee
        <trim prefix="(" suffix=")" suffixOverrides=",">
            <if test="name != null">
                name,
            </if>
        </trim>
        <trim prefix="values (" suffix=")" suffixOverrides=",">
            <if test="name != null">
                #{name,jdbcType=VARCHAR},
            </if>
        </trim>
    </insert>
    <update id="updateByPrimaryKeySelective" parameterType="com.Infinity.pojo.Employee">
        update t_employee
        <set>
            <if test="name != null">
                name = #{name,jdbcType=VARCHAR},
            </if>
        </set>
        where id = #{id,jdbcType=INTEGER}
    </update>
    <update id="updateByPrimaryKey" parameterType="com.Infinity.pojo.Employee">
        update t_employee
        set name = #{name,jdbcType=VARCHAR}
        where id = #{id,jdbcType=INTEGER}
    </update>
</mapper>