<?xml version="1.0" encoding="UTF-8"?>
<!DOCTYPE mapper PUBLIC "-//mybatis.org//DTD Mapper 3.0//EN" "http://mybatis.org/dtd/mybatis-3-mapper.dtd">
<mapper namespace="com.Infinity.dao.FilmTypeMapper">
    <resultMap id="BaseResultMap" type="com.Infinity.pojo.FilmType">
        <id column="id" jdbcType="INTEGER" property="id"/>
        <result column="typeName" jdbcType="VARCHAR" property="typeName"/>
    </resultMap>
    <sql id="Base_Column_List">
        id, typeName
    </sql>
    <select id="selectByPrimaryKey" parameterType="java.lang.Integer" resultMap="BaseResultMap">
        select
        <include refid="Base_Column_List"/>
        from t_filmtype
        where id = #{id,jdbcType=INTEGER}
    </select>

    <select id="selectByFilmId" resultMap="BaseResultMap">
        select *
        from t_filmtype film
        where film.id in (select filmTypeId
                          from t_film_filmtype ff
                          where ff.filmId = #{filmId})
    </select>

    <delete id="deleteByPrimaryKey" parameterType="java.lang.Integer">
        delete from t_filmtype
        where id = #{id,jdbcType=INTEGER}
    </delete>
    <insert id="insert" parameterType="com.Infinity.pojo.FilmType">
        <selectKey keyProperty="id" order="AFTER" resultType="java.lang.Integer">
            SELECT LAST_INSERT_ID()
        </selectKey>
        insert into t_filmtype (typeName)
        values (#{typeName,jdbcType=VARCHAR})
    </insert>
    <insert id="insertSelective" parameterType="com.Infinity.pojo.FilmType">
        <selectKey keyProperty="id" order="AFTER" resultType="java.lang.Integer">
            SELECT LAST_INSERT_ID()
        </selectKey>
        insert into t_filmtype
        <trim prefix="(" suffix=")" suffixOverrides=",">
            <if test="typeName != null">
                typeName,
            </if>
        </trim>
        <trim prefix="values (" suffix=")" suffixOverrides=",">
            <if test="typeName != null">
                #{typeName,jdbcType=VARCHAR},
            </if>
        </trim>
    </insert>
    <update id="updateByPrimaryKeySelective" parameterType="com.Infinity.pojo.FilmType">
        update t_filmtype
        <set>
            <if test="typeName != null">
                typeName = #{typeName,jdbcType=VARCHAR},
            </if>
        </set>
        where id = #{id,jdbcType=INTEGER}
    </update>
    <update id="updateByPrimaryKey" parameterType="com.Infinity.pojo.FilmType">
        update t_filmtype
        set typeName = #{typeName,jdbcType=VARCHAR}
        where id = #{id,jdbcType=INTEGER}
    </update>
</mapper>