<?xml version="1.0" encoding="UTF-8"?>
<!DOCTYPE mapper PUBLIC "-//mybatis.org//DTD Mapper 3.0//EN" "http://mybatis.org/dtd/mybatis-3-mapper.dtd">
<mapper namespace="com.Infinity.dao.FilmEmployeeMapper">
    <resultMap id="BaseResultMap" type="com.Infinity.pojo.FilmEmployee">
        <id column="id" jdbcType="INTEGER" property="id"/>
        <result column="filmId" jdbcType="INTEGER" property="filmId"/>
        <result column="employeeId" jdbcType="INTEGER" property="employeeId"/>
    </resultMap>
    <sql id="Base_Column_List">
        id, filmId, employeeId
    </sql>
    <select id="selectByPrimaryKey" parameterType="java.lang.Integer" resultMap="BaseResultMap">
        select
        <include refid="Base_Column_List"/>
        from t_film_employee
        where id = #{id,jdbcType=INTEGER}
    </select>
    <delete id="deleteByPrimaryKey" parameterType="java.lang.Integer">
        delete from t_film_employee
        where id = #{id,jdbcType=INTEGER}
    </delete>

    <delete id="deleteByFilmId" parameterType="string">
        delete from t_film_employee where filmId in
        <foreach collection="array" item="filmIds" open="(" separator="," close=")">
            #{filmIds}
        </foreach>
    </delete>

    <insert id="insert" parameterType="com.Infinity.pojo.FilmEmployee">
        <selectKey keyProperty="id" order="AFTER" resultType="java.lang.Integer">
            SELECT LAST_INSERT_ID()
        </selectKey>
        insert into t_film_employee (filmId, employeeId)
        values (#{filmId,jdbcType=INTEGER}, #{employeeId,jdbcType=INTEGER})
    </insert>
    <insert id="insertSelective" parameterType="com.Infinity.pojo.FilmEmployee">
        <selectKey keyProperty="id" order="AFTER" resultType="java.lang.Integer">
            SELECT LAST_INSERT_ID()
        </selectKey>
        insert into t_film_employee
        <trim prefix="(" suffix=")" suffixOverrides=",">
            <if test="filmId != null">
                filmId,
            </if>
            <if test="employeeId != null">
                employeeId,
            </if>
        </trim>
        <trim prefix="values (" suffix=")" suffixOverrides=",">
            <if test="filmId != null">
                #{filmId,jdbcType=INTEGER},
            </if>
            <if test="employeeId != null">
                #{employeeId,jdbcType=INTEGER},
            </if>
        </trim>
    </insert>
    <update id="updateByPrimaryKeySelective" parameterType="com.Infinity.pojo.FilmEmployee">
        update t_film_employee
        <set>
            <if test="filmId != null">
                filmId = #{filmId,jdbcType=INTEGER},
            </if>
            <if test="employeeId != null">
                employeeId = #{employeeId,jdbcType=INTEGER},
            </if>
        </set>
        where id = #{id,jdbcType=INTEGER}
    </update>
    <update id="updateByPrimaryKey" parameterType="com.Infinity.pojo.FilmEmployee">
        update t_film_employee
        set filmId     = #{filmId,jdbcType=INTEGER},
            employeeId = #{employeeId,jdbcType=INTEGER}
        where id = #{id,jdbcType=INTEGER}
    </update>
</mapper>