<?xml version="1.0" encoding="UTF-8"?>
<!DOCTYPE mapper PUBLIC "-//mybatis.org//DTD Mapper 3.0//EN" "http://mybatis.org/dtd/mybatis-3-mapper.dtd">
<mapper namespace="com.Infinity.dao.ManagerMapper">
  <resultMap id="BaseResultMap" type="com.Infinity.pojo.Manager">
    <id column="id" jdbcType="INTEGER" property="id" />
    <result column="username" jdbcType="VARCHAR" property="username" />
    <result column="password" jdbcType="VARCHAR" property="password" />
    <result column="realname" jdbcType="VARCHAR" property="realname" />
  </resultMap>
  <sql id="Base_Column_List">
    id, username, password, realname
  </sql>

  <select id="selectByUsernameMohu" parameterType="string" resultMap="BaseResultMap">
    select * from t_manager
    <if test="username != null">
      where username like concat('%', #{username,jdbcType=VARCHAR}, '%')
    </if>
  </select>

  <delete id="deleteByIds" parameterType="string">
    delete from t_manager where id in
    <foreach collection="array" item="delIds" open="(" separator="," close=")">
      #{delIds}
    </foreach>
  </delete>

  <select id="selectByPrimaryKey" parameterType="java.lang.Integer" resultMap="BaseResultMap">
    select 
    <include refid="Base_Column_List" />
    from t_manager
    where id = #{id,jdbcType=INTEGER}
  </select>
  <delete id="deleteByPrimaryKey" parameterType="java.lang.Integer">
    delete from t_manager
    where id = #{id,jdbcType=INTEGER}
  </delete>
  <insert id="insert" parameterType="com.Infinity.pojo.Manager">
    <selectKey keyProperty="id" order="AFTER" resultType="java.lang.Integer">
      SELECT LAST_INSERT_ID()
    </selectKey>
    insert into t_manager (username, password, realname
      )
    values (#{username,jdbcType=VARCHAR}, #{password,jdbcType=VARCHAR}, #{realname,jdbcType=VARCHAR}
      )
  </insert>
  <insert id="insertSelective" parameterType="com.Infinity.pojo.Manager">
    <selectKey keyProperty="id" order="AFTER" resultType="java.lang.Integer">
      SELECT LAST_INSERT_ID()
    </selectKey>
    insert into t_manager
    <trim prefix="(" suffix=")" suffixOverrides=",">
      <if test="username != null">
        username,
      </if>
      <if test="password != null">
        password,
      </if>
      <if test="realname != null">
        realname,
      </if>
    </trim>
    <trim prefix="values (" suffix=")" suffixOverrides=",">
      <if test="username != null">
        #{username,jdbcType=VARCHAR},
      </if>
      <if test="password != null">
        #{password,jdbcType=VARCHAR},
      </if>
      <if test="realname != null">
        #{realname,jdbcType=VARCHAR},
      </if>
    </trim>
  </insert>
  <update id="updateByPrimaryKeySelective" parameterType="com.Infinity.pojo.Manager">
    update t_manager
    <set>
      <if test="username != null">
        username = #{username,jdbcType=VARCHAR},
      </if>
      <if test="password != null">
        password = #{password,jdbcType=VARCHAR},
      </if>
      <if test="realname != null">
        realname = #{realname,jdbcType=VARCHAR},
      </if>
    </set>
    where id = #{id,jdbcType=INTEGER}
  </update>
  <update id="updateByPrimaryKey" parameterType="com.Infinity.pojo.Manager">
    update t_manager
    set username = #{username,jdbcType=VARCHAR},
      password = #{password,jdbcType=VARCHAR},
      realname = #{realname,jdbcType=VARCHAR}
    where id = #{id,jdbcType=INTEGER}
  </update>
</mapper>