<?xml version="1.0" encoding="UTF-8"?>
<!DOCTYPE mapper PUBLIC "-//mybatis.org//DTD Mapper 3.0//EN" "http://mybatis.org/dtd/mybatis-3-mapper.dtd">
<mapper namespace="com.Infinity.dao.PerformMapper">
    <resultMap id="BaseResultMap" type="com.Infinity.pojo.Perform">
        <id column="id" jdbcType="INTEGER" property="id"/>
        <result column="price" jdbcType="REAL" property="price"/>
        <result column="sold" jdbcType="INTEGER" property="sold"/>
        <result column="startTime" jdbcType="TIMESTAMP" property="startTime"/>
        <result column="endTime" jdbcType="TIMESTAMP" property="endTime"/>
        <association property="film" column="filmId" select="com.Infinity.dao.FilmMapper.selectByPrimaryKey"/>
        <association property="studio" column="studioId" select="com.Infinity.dao.StudioMapper.selectByPrimaryKey"/>
    </resultMap>
    <sql id="Base_Column_List">
        id, filmId, studioId, price, sold, startTime, endTime
    </sql>
    <select id="selectByPrimaryKey" parameterType="java.lang.Integer" resultMap="BaseResultMap">
        select
        <include refid="Base_Column_List"/>
        from t_perform
        where id = #{id,jdbcType=INTEGER}
    </select>

    <select id="selectAll" resultMap="BaseResultMap">
        select *
        from t_perform
    </select>

    <select id="selectByFilmId" resultMap="BaseResultMap">
        select * from t_perform where filmId = #{id}
    </select>

    <delete id="deleteByPrimaryKey" parameterType="java.lang.Integer">
        delete from t_perform
        where id = #{id,jdbcType=INTEGER}
    </delete>

    <delete id="deleteByIds" parameterType="string">
        delete from t_perform where id in
        <foreach collection="array" item="delIds" open="(" separator="," close=")">
            #{delIds}
        </foreach>
    </delete>

    <insert id="insert" parameterType="com.Infinity.pojo.Perform" useGeneratedKeys="true" keyProperty="id">
        insert into t_perform (filmId, studioId, price,
        sold, startTime, endTime
        )
        values (#{filmId,jdbcType=INTEGER}, #{studioId,jdbcType=INTEGER}, #{price,jdbcType=REAL},
        #{sold,jdbcType=INTEGER}, #{startTime,jdbcType=TIMESTAMP}, #{endTime,jdbcType=TIMESTAMP}
        )
    </insert>
    <insert id="insertSelective" parameterType="com.Infinity.pojo.Perform" useGeneratedKeys="true" keyProperty="id">
        insert into t_perform
        <trim prefix="(" suffix=")" suffixOverrides=",">
            <if test="filmId != null">
                filmId,
            </if>
            <if test="studioId != null">
                studioId,
            </if>
            <if test="price != null">
                price,
            </if>
            <if test="sold != null">
                sold,
            </if>
            <if test="startTime != null">
                startTime,
            </if>
            <if test="endTime != null">
                endTime,
            </if>
        </trim>
        <trim prefix="values (" suffix=")" suffixOverrides=",">
            <if test="filmId != null">
                #{filmId,jdbcType=INTEGER},
            </if>
            <if test="studioId != null">
                #{studioId,jdbcType=INTEGER},
            </if>
            <if test="price != null">
                #{price,jdbcType=REAL},
            </if>
            <if test="sold != null">
                #{sold,jdbcType=INTEGER},
            </if>
            <if test="startTime != null">
                #{startTime,jdbcType=TIMESTAMP},
            </if>
            <if test="endTime != null">
                #{endTime,jdbcType=TIMESTAMP},
            </if>
        </trim>
    </insert>
    <update id="updateByPrimaryKeySelective" parameterType="com.Infinity.pojo.Perform">
        update t_perform
        <set>
            <if test="filmId != null">
                filmId = #{filmId,jdbcType=INTEGER},
            </if>
            <if test="studioId != null">
                studioId = #{studioId,jdbcType=INTEGER},
            </if>
            <if test="price != null">
                price = #{price,jdbcType=REAL},
            </if>
            <if test="sold != null">
                sold = #{sold,jdbcType=INTEGER},
            </if>
            <if test="startTime != null">
                startTime = #{startTime,jdbcType=TIMESTAMP},
            </if>
            <if test="endTime != null">
                endTime = #{endTime,jdbcType=TIMESTAMP},
            </if>
        </set>
        where id = #{id,jdbcType=INTEGER}
    </update>
    <update id="updateByPrimaryKey" parameterType="com.Infinity.pojo.Perform">
        update t_perform
        set filmId    = #{filmId,jdbcType=INTEGER},
            studioId  = #{studioId,jdbcType=INTEGER},
            price     = #{price,jdbcType=REAL},
            sold      = #{sold,jdbcType=INTEGER},
            startTime = #{startTime,jdbcType=TIMESTAMP},
            endTime   = #{endTime,jdbcType=TIMESTAMP}
        where id = #{id,jdbcType=INTEGER}
    </update>
</mapper>