<?xml version="1.0" encoding="UTF-8"?>
<!DOCTYPE mapper PUBLIC "-//mybatis.org//DTD Mapper 3.0//EN" "http://mybatis.org/dtd/mybatis-3-mapper.dtd">
<mapper namespace="com.Infinity.dao.SeatMapper">
    <resultMap id="BaseResultMap" type="com.Infinity.pojo.Seat">
        <id column="id" jdbcType="INTEGER" property="id"/>
        <result column="studioId" jdbcType="INTEGER" property="studioId"/>
        <result column="row" jdbcType="INTEGER" property="row"/>
        <result column="col" jdbcType="INTEGER" property="col"/>
        <result column="seatTypeId" jdbcType="INTEGER" property="seatTypeId"/>
    </resultMap>

    <resultMap id="seatResultMap" type="seat">
        <result property="seatId" column="id"/>
        <result property="row" column="row"/>
        <result property="col" column="col"/>
        <association property="seatType" column="seatTypeId" select="com.Infinity.dao.SeatTypeDao.selectById"/>
        <association property="studio" column="studioId" select="com.Infinity.dao.StudioMapper.selectByPrimaryKey"/>
    </resultMap>

    <sql id="Base_Column_List">
        id, studioId, row, col, seatTypeId
    </sql>
    <select id="selectByPrimaryKey" parameterType="java.lang.Integer" resultMap="BaseResultMap">
        select
        <include refid="Base_Column_List"/>
        from t_seat
        where id = #{id,jdbcType=INTEGER}
    </select>

    <select id="selectAll" resultMap="seatResultMap">
        select *
        from t_seat;
    </select>

    <select id="selectByStudioId" parameterType="integer" resultMap="seatResultMap">
        select *
        from t_seat
        where studioId = #{studioId};
    </select>

    <delete id="deleteByPrimaryKey" parameterType="java.lang.Integer">
        delete from t_seat
        where id = #{id,jdbcType=INTEGER}
    </delete>

    <delete id="deleteByStudioId" parameterType="string">
        delete from t_seat
        where studioId in
        <foreach collection="array" item="delIds" open="(" separator="," close=")">
            #{delIds}
        </foreach>
    </delete>

    <insert id="insert" parameterType="com.Infinity.pojo.Seat">
        <!--<selectKey keyProperty="id" order="AFTER" resultType="java.lang.Integer">-->
        <!--SELECT LAST_INSERT_ID()-->
        <!--</selectKey>-->
        insert into t_seat (studioId, row, col,
        seatTypeId)
        values (#{studioId,jdbcType=INTEGER}, #{row,jdbcType=INTEGER}, #{col,jdbcType=INTEGER},
        #{seatTypeId,jdbcType=INTEGER})
    </insert>
    <insert id="insertSelective" parameterType="com.Infinity.pojo.Seat">
        <selectKey keyProperty="id" order="AFTER" resultType="java.lang.Integer">
            SELECT LAST_INSERT_ID()
        </selectKey>
        insert into t_seat
        <trim prefix="(" suffix=")" suffixOverrides=",">
            <if test="studioId != null">
                studioId,
            </if>
            <if test="row != null">
                row,
            </if>
            <if test="col != null">
                col,
            </if>
            <if test="seatTypeId != null">
                seatTypeId,
            </if>
        </trim>
        <trim prefix="values (" suffix=")" suffixOverrides=",">
            <if test="studioId != null">
                #{studioId,jdbcType=INTEGER},
            </if>
            <if test="row != null">
                #{row,jdbcType=INTEGER},
            </if>
            <if test="col != null">
                #{col,jdbcType=INTEGER},
            </if>
            <if test="seatTypeId != null">
                #{seatTypeId,jdbcType=INTEGER},
            </if>
        </trim>
    </insert>
    <update id="updateByPrimaryKeySelective" parameterType="com.Infinity.pojo.Seat">
        update t_seat
        <set>
            <if test="studioId != null">
                studioId = #{studioId,jdbcType=INTEGER},
            </if>
            <if test="row != null">
                row = #{row,jdbcType=INTEGER},
            </if>
            <if test="col != null">
                col = #{col,jdbcType=INTEGER},
            </if>
            <if test="seatTypeId != null">
                seatTypeId = #{seatTypeId,jdbcType=INTEGER},
            </if>
        </set>
        where id = #{id,jdbcType=INTEGER}
    </update>

    <update id="updateByRowCol" parameterType="com.Infinity.pojo.Seat">
        update t_seat
        <set>
            <if test="seatTypeId != null">
                seatTypeId = #{seatTypeId,jdbcType=INTEGER},
            </if>
        </set>
        where studioId = #{studioId,jdbcType=INTEGER} and row = #{row,jdbcType=INTEGER} and col =
        #{col,jdbcType=INTEGER}

    </update>

    <update id="updateByPrimaryKey" parameterType="com.Infinity.pojo.Seat">
        update t_seat
        set studioId   = #{studioId,jdbcType=INTEGER},
            row        = #{row,jdbcType=INTEGER},
            col        = #{col,jdbcType=INTEGER},
            seatTypeId = #{seatTypeId,jdbcType=INTEGER}
        where id = #{id,jdbcType=INTEGER}
    </update>
</mapper>