<?xml version="1.0" encoding="UTF-8"?>
<!DOCTYPE mapper PUBLIC "-//mybatis.org//DTD Mapper 3.0//EN" "http://mybatis.org/dtd/mybatis-3-mapper.dtd">
<mapper namespace="com.Infinity.dao.StudioMapper">
    <resultMap id="BaseResultMap" type="com.Infinity.pojo.Studio">
        <id column="id" jdbcType="INTEGER" property="id"/>
        <result column="name" jdbcType="VARCHAR" property="name"/>
        <result column="length" jdbcType="INTEGER" property="length"/>
        <result column="width" jdbcType="INTEGER" property="width"/>
    </resultMap>
    <sql id="Base_Column_List">
        id, name, length, width
    </sql>
    <select id="selectByPrimaryKey" parameterType="java.lang.Integer" resultMap="BaseResultMap">
        select
        <include refid="Base_Column_List"/>
        from t_studio
        where id = #{id,jdbcType=INTEGER}
    </select>
    <delete id="deleteByPrimaryKey" parameterType="java.lang.Integer">
        delete from t_studio
        where id = #{id,jdbcType=INTEGER}
    </delete>

    <delete id="deleteByIds" parameterType="string">
        delete from t_studio where id in
        <foreach collection="array" item="delIds" open="(" separator="," close=")">
            #{delIds}
        </foreach>
    </delete>

    <insert id="insert" parameterType="com.Infinity.pojo.Studio" useGeneratedKeys="true" keyProperty="id">
        <selectKey keyProperty="id" order="AFTER" resultType="java.lang.Integer">
            SELECT LAST_INSERT_ID()
        </selectKey>
        insert into t_studio (name, length, width
        )
        values (#{name,jdbcType=VARCHAR}, #{length,jdbcType=INTEGER}, #{width,jdbcType=INTEGER}
        )
    </insert>
    <insert id="insertSelective" parameterType="com.Infinity.pojo.Studio">
        <selectKey keyProperty="id" order="AFTER" resultType="java.lang.Integer">
            SELECT LAST_INSERT_ID()
        </selectKey>
        insert into t_studio
        <trim prefix="(" suffix=")" suffixOverrides=",">
            <if test="name != null">
                name,
            </if>
            <if test="length != null">
                length,
            </if>
            <if test="width != null">
                width,
            </if>
        </trim>
        <trim prefix="values (" suffix=")" suffixOverrides=",">
            <if test="name != null">
                #{name,jdbcType=VARCHAR},
            </if>
            <if test="length != null">
                #{length,jdbcType=INTEGER},
            </if>
            <if test="width != null">
                #{width,jdbcType=INTEGER},
            </if>
        </trim>
    </insert>
    <update id="updateByPrimaryKeySelective" parameterType="com.Infinity.pojo.Studio">
        update t_studio
        <set>
            <if test="name != null">
                name = #{name,jdbcType=VARCHAR},
            </if>
            <if test="length != null">
                length = #{length,jdbcType=INTEGER},
            </if>
            <if test="width != null">
                width = #{width,jdbcType=INTEGER},
            </if>
        </set>
        where id = #{id,jdbcType=INTEGER}
    </update>
    <update id="updateByPrimaryKey" parameterType="com.Infinity.pojo.Studio">
        update t_studio
        set name   = #{name,jdbcType=VARCHAR},
            length = #{length,jdbcType=INTEGER},
            width  = #{width,jdbcType=INTEGER}
        where id = #{id,jdbcType=INTEGER}
    </update>
</mapper>