<?xml version="1.0" encoding="UTF-8"?>
<!DOCTYPE mapper PUBLIC "-//mybatis.org//DTD Mapper 3.0//EN" "http://mybatis.org/dtd/mybatis-3-mapper.dtd">
<mapper namespace="com.Infinity.dao.UserMapper">
    <resultMap id="BaseResultMap" type="com.Infinity.pojo.User">
        <id column="id" jdbcType="INTEGER" property="id"/>
        <result column="username" jdbcType="VARCHAR" property="username"/>
        <result column="password" jdbcType="VARCHAR" property="password"/>
        <result column="nickname" jdbcType="VARCHAR" property="nickname"/>
        <result column="tel" jdbcType="VARCHAR" property="tel"/>
    </resultMap>
    <sql id="Base_Column_List">
        id, username, password, nickname, tel
    </sql>
    <select id="selectByPrimaryKey" parameterType="java.lang.Integer" resultMap="BaseResultMap">
        select
        <include refid="Base_Column_List"/>
        from t_user
        where id = #{id,jdbcType=INTEGER}
    </select>

    <select id="selectByUsernameMohu" parameterType="string" resultMap="BaseResultMap">
        select * from t_user
        <if test="username != null">
            where username like concat('%', #{username,jdbcType=VARCHAR}, '%')
        </if>
    </select>

    <delete id="deleteByIds" parameterType="string">
        delete from t_user where id in
        <foreach collection="array" item="delIds" open="(" separator="," close=")">
            #{delIds}
        </foreach>
    </delete>

    <delete id="deleteByPrimaryKey" parameterType="java.lang.Integer">
        delete from t_user
        where id = #{id,jdbcType=INTEGER}
    </delete>
    <insert id="insert" parameterType="com.Infinity.pojo.User">
        <selectKey keyProperty="id" order="AFTER" resultType="java.lang.Integer">
            SELECT LAST_INSERT_ID()
        </selectKey>
        insert into t_user (username, password, nickname,
        tel)
        values (#{username,jdbcType=VARCHAR}, #{password,jdbcType=VARCHAR}, #{nickname,jdbcType=VARCHAR},
        #{tel,jdbcType=VARCHAR})
    </insert>
    <insert id="insertSelective" parameterType="com.Infinity.pojo.User">
        <selectKey keyProperty="id" order="AFTER" resultType="java.lang.Integer">
            SELECT LAST_INSERT_ID()
        </selectKey>
        insert into t_user
        <trim prefix="(" suffix=")" suffixOverrides=",">
            <if test="username != null">
                username,
            </if>
            <if test="password != null">
                password,
            </if>
            <if test="nickname != null">
                nickname,
            </if>
            <if test="tel != null">
                tel,
            </if>
        </trim>
        <trim prefix="values (" suffix=")" suffixOverrides=",">
            <if test="username != null">
                #{username,jdbcType=VARCHAR},
            </if>
            <if test="password != null">
                #{password,jdbcType=VARCHAR},
            </if>
            <if test="nickname != null">
                #{nickname,jdbcType=VARCHAR},
            </if>
            <if test="tel != null">
                #{tel,jdbcType=VARCHAR},
            </if>
        </trim>
    </insert>
    <update id="updateByPrimaryKeySelective" parameterType="com.Infinity.pojo.User">
        update t_user
        <set>
            <if test="username != null">
                username = #{username,jdbcType=VARCHAR},
            </if>
            <if test="password != null">
                password = #{password,jdbcType=VARCHAR},
            </if>
            <if test="nickname != null">
                nickname = #{nickname,jdbcType=VARCHAR},
            </if>
            <if test="tel != null">
                tel = #{tel,jdbcType=VARCHAR},
            </if>
        </set>
        where id = #{id,jdbcType=INTEGER}
    </update>
    <update id="updateByPrimaryKey" parameterType="com.Infinity.pojo.User">
        update t_user
        set username = #{username,jdbcType=VARCHAR},
            password = #{password,jdbcType=VARCHAR},
            nickname = #{nickname,jdbcType=VARCHAR},
            tel      = #{tel,jdbcType=VARCHAR}
        where id = #{id,jdbcType=INTEGER}
    </update>
</mapper>